Amanda	Williamson	1985/05/05	female	Douglas	johnsonbrent	uquZgCMXtq	Pure blood	teacher
Vanessa	Payne	1990/01/05	male	Gina	epeters	kOqMxwxrLd	Pure blood	student
Jeremiah	Burnett	1988/07/04	female	Andrea	timothyruiz	jBkQYwSRRa	Half blood	student
Vincent	Larsen	1975/10/25	male	Nicholas	stephaniefuentes	mItdcELfaN	Muggle blood	student
Andrea	Ross	1994/11/20	male	Scott	karen76	YOVkIwTUpf	Pure blood	student
Rebecca	Haynes	2004/10/23	male	Vickie	tamaramcclain	zUbKJSrjDD	Half blood	student
Joseph	Baird	1988/08/13	male	Bradley	xcarter	VjApKwVHyg	Half blood	student
Douglas	Mclaughlin	1996/02/20	male	Kristina	xfritz	jbewfPoXuX	Pure blood	student
Charles	Sanchez	1997/12/08	female	Crystal	dhanson	mdZQsWfooS	Half blood	student
Marissa	Vargas	1972/12/30	female	Stephen	dawn38	dqKKWoUuGn	Pure blood	student
Sarah	Chavez	2003/03/18	female	Mark	josesanchez	sMErkkSxmP	Pure blood	student
Benjamin	Nelson	2002/05/19	female	Gregory	wardtaylor	oxCwbsfVwj	Half blood	student
Matthew	White	1999/08/03	female	Karen	jesse93	iieMUnMCyE	Pure blood	student
Jenna	Reilly	2000/06/11	male	Michelle	rebeccarios	VRVFHgcIJD	Pure blood	student
Destiny	Morgan	1990/03/17	female	Scott	xmcguire	fBrKxKBGXV	Pure blood	student
Carlos	Rojas	1985/03/28	female	Monica	zrichard	wDeIBPlFxJ	Pure blood	student
Erin	Meyer	1974/06/23	female	Robert	ldavis	QmWYZVeXtR	Pure blood	student
Julie	Johnson	2005/03/28	male	Tracy	jamesolson	OXCpydXhBT	Pure blood	student
Donald	Nelson	1971/06/05	male	Manuel	chanrandy	MZFtcCylnM	Pure blood	student
Kenneth	Choi	2002/11/06	female	Ariana	ronaldmason	SnwUclixtB	Half blood	student
Tammie	Williams	1988/10/19	female	Tanya	marymccoy	XCJFINLIUn	Half blood	student
Brian	Flores	2003/07/17	female	Todd	gregoryhood	qkgwgbjiAA	Half blood	teacher
Kelly	Myers	1990/01/25	female	Lisa	lisapineda	gMFpYZanGC	Pure blood	teacher
Joel	Nichols	1981/07/13	female	Ronald	gflowers	YEVTMWpvTp	Half blood	student
Brian	Fox	1995/07/04	male	Ryan	fclark	RpSiZIryou	Half blood	student
Jean	Clark	1991/04/04	female	Katherine	masseymargaret	heJgPlVpiB	Pure blood	teacher
Emily	Blankenship	2003/08/21	female	Chelsea	rodney95	sierRztnVo	Half blood	student
Joshua	Williams	1994/12/06	male	Matthew	cynthiamack	HJdBChEWqt	Muggle blood	student
Gregory	Burch	2001/11/04	male	John	evansmathew	qsqOQcNGqU	Pure blood	student
Andrew	Zavala	1993/06/06	female	Christopher	andrewsmith	tpCdKrTJWP	Pure blood	teacher
Mary	Robinson	1990/01/19	female	Samuel	buchananrussell	pzOPIEzUnX	Half blood	student
Jamie	Frye	1974/10/17	male	Ryan	uchang	oLPHznKoBo	Pure blood	student
Ryan	Warren	1970/03/18	female	Angelica	pfrost	vmGrzdYfTN	Half blood	student
Christian	Norman	1989/05/11	male	Barbara	gbarrett	tnXunWnXgI	Pure blood	student
Anthony	Schultz	1985/06/02	male	Jennifer	ujones	VbMRsDhynl	Muggle blood	student
Nicholas	Johnson	1971/03/03	female	Amanda	lori61	iRzzGArYju	Muggle blood	student
Timothy	Thomas	2002/12/06	female	Ashley	avilajoshua	ZHSDZebvHB	Half blood	student
Kathleen	Matthews	1999/07/21	female	Melissa	joanna17	bQNCOJBfiW	Half blood	student
Anthony	Molina	1974/09/11	male	Patricia	tmerritt	RKbIDqSbkl	Pure blood	teacher
Emily	Chapman	1980/11/07	male	Christopher	elizabeth89	UFOKYHGQKQ	Pure blood	student
Anthony	Davis	1985/01/12	female	Leslie	gallagherdaniel	SvAdLoKdKt	Pure blood	student
Cathy	Young	2002/02/07	female	Rebecca	cortezzachary	GYXvcdNXJz	Muggle blood	teacher
Brandon	Tate	1977/07/27	female	Thomas	gileskathy	tQpFMJJbXO	Pure blood	student
Christopher	Brown	2002/07/26	male	Clarence	fanderson	GnbciWMCuw	Pure blood	student
Michele	Hebert	2004/03/22	male	Andrew	murphyamy	wzczxsClxx	Half blood	student
Laurie	Davis	1975/02/14	male	Robin	armstrongchristopher	LxTgfflPqh	Muggle blood	teacher
Jeffrey	Jones	1986/08/07	female	Bradley	christopherallen	qcGzlafkpE	Pure blood	teacher
Charles	Shaw	1995/04/13	female	Mike	hbell	vWXrkvGOtM	Half blood	student
Stephen	Burnett	2003/09/20	female	Sharon	heatherking	zJDdmHJKPk	Half blood	student
Kristi	Collins	1983/03/21	female	Christine	gina59	qPowVmMLIS	Half blood	student
Susan	Morgan	1984/12/19	female	Michelle	santanacindy	VTtapEByVC	Pure blood	student
Melissa	Cannon	1975/06/05	male	Sarah	marklarson	xTHFzgDfsR	Pure blood	teacher
James	Flores	1972/05/22	male	Geoffrey	katherine98	IMTSnTHbzT	Muggle blood	student
Heather	Berry	2002/10/29	female	Alyssa	hollychoi	nMXKNRqMLh	Pure blood	student
Dillon	Brown	1989/08/10	male	Charles	taylor22	PatNTIVCRT	Half blood	teacher
Tina	Wagner	2002/01/12	male	Haley	alexwhite	npiKvzgjeu	Half blood	student
Tiffany	Owens	1983/11/03	female	Christopher	qbarnes	KASeBQzyYS	Pure blood	teacher
Cory	Sullivan	2001/01/25	female	Maria	uross	ELzqwvCvjT	Muggle blood	teacher
Kelsey	Stanton	1999/05/24	male	Andrew	ntaylor	FBxLSigJft	Half blood	teacher
Kevin	Pena	1991/07/22	male	Brian	whitejesse	suFbPhQWXg	Pure blood	student
Anna	Smith	1981/11/11	male	Anita	bobbypierce	aRZlaTdWbI	Muggle blood	student
Todd	Anderson	1975/12/01	female	Kaitlyn	katherinejones	CNYmGbztOJ	Half blood	student
Nicole	Atkinson	1993/03/17	female	Steven	taylordaryl	xpdOoiRBxG	Pure blood	student
Susan	Rodriguez	1991/03/09	male	Joshua	ortizbryan	xTduVhJeDY	Pure blood	student
Michael	Cervantes	1994/08/26	female	Amanda	ejones	YSbOthjaAS	Muggle blood	teacher
Jared	Hansen	1997/07/30	male	Brooke	nealjamie	tHXTfcKkkx	Muggle blood	teacher
Jared	Stevens	1997/04/02	female	Melissa	reynoldsleslie	SsPDTfeDby	Muggle blood	student
David	Martin	2000/10/04	female	Bradley	williamwilliams	TKKNJFHCLs	Muggle blood	teacher
Wayne	Gross	1988/01/01	male	Stephen	sheila63	vqoAWdvHTx	Pure blood	student
Rachael	Reed	2005/04/25	female	Amanda	wangkenneth	uRNJreLrzF	Half blood	teacher
Brian	Jimenez	1992/02/08	female	Christopher	melodyjones	rnpVjvWcPK	Pure blood	student
Kathleen	Carson	1989/04/13	male	Marie	dscott	hCoakIOkcR	Pure blood	student
Tiffany	Martin	1991/01/23	male	Erik	smithclifford	OUxgKeERQD	Half blood	student
William	Newman	1998/12/12	male	Monica	michaelgonzalez	QcvcgVCXHg	Muggle blood	teacher
Barbara	Hoffman	1988/06/25	male	Holly	tuckerclinton	FkPLBjcWzz	Pure blood	teacher
Robert	Schneider	1971/05/17	male	Bryan	jeffrey22	NMdeqkoVdI	Pure blood	student
Julie	Frank	1988/09/21	male	Carol	kathleen76	EJNfiuYFzX	Half blood	teacher
Marcus	Underwood	1999/03/06	female	Mark	lynchmichael	vNSBfPJHTc	Pure blood	student
Jonathan	Ramos	2002/09/12	female	Melvin	waltersryan	TOxrLalqFL	Muggle blood	student
Susan	Taylor	2005/04/06	male	Jean	jeffreyarellano	NtZToculyV	Muggle blood	student
Leslie	Cruz	2003/01/18	female	Elizabeth	longjeremy	xElUkovJyZ	Pure blood	teacher
Paul	Holland	1976/11/17	male	Tim	awashington	DCrNayDnpM	Half blood	student
Joshua	Payne	1989/02/09	female	Roger	marco60	FcbwaFzrDc	Pure blood	student
Lori	Snow	1996/02/23	female	Michael	pattersoncheryl	HyJCkYypkI	Half blood	teacher
Jennifer	Carpenter	1975/12/16	male	Lisa	joseph37	dmWDrYFQog	Half blood	student
Tracy	Guerrero	1984/12/06	male	Dustin	jason63	WzHgFbBDqB	Half blood	student
Donald	Walker	1989/02/29	male	Scott	vholmes	EiTwNvLcPP	Half blood	teacher
Natasha	Barr	2001/04/12	female	Thomas	masonmichelle	Wanhstalrw	Pure blood	student
April	Jones	1975/07/16	male	Christopher	pauljones	FANbIJykUd	Half blood	student
Daniel	Martin	1970/12/25	female	Christina	nking	CihyDbBdDn	Muggle blood	student
Patricia	Clark	1977/09/24	male	Jonathan	amber49	FCfsGVYKzr	Pure blood	teacher
Zachary	Chambers	2000/03/26	male	Michele	gregoryrobertson	bJBwLgEoIv	Half blood	teacher
Tracy	Scott	1988/01/22	female	Nicole	abigaillane	zIAqNmLQav	Half blood	student
Julia	Powell	1973/10/16	female	Michael	crawfordmark	FhPiymAuBP	Half blood	student
Joshua	Garcia	1977/10/20	male	Marc	baileychad	cjGXOYfJMM	Pure blood	student
Christopher	Warner	2003/10/19	male	Patrick	sarah15	cOcvhDhfQO	Pure blood	teacher
Garrett	Todd	1971/07/08	male	Michael	maxleonard	QGkLqRIzpM	Half blood	student
Krystal	Hopkins	1978/10/29	male	Richard	michaelclark	sarVobQKcr	Half blood	student
Alec	King	2000/08/20	male	Karen	tylerbanks	MNCXbYKKVg	Half blood	student
Richard	Lynch	1981/10/12	female	Margaret	saraluna	mqUCKZGYDh	Pure blood	student
Katie	Dudley	1970/10/27	female	Judy	nicoleramirez	DScXipGRxQ	Muggle blood	teacher
Julia	Lawson	1974/03/24	female	Anne	tina93	uNikLQHnSL	Half blood	teacher
John	Wiley	1979/04/29	female	Brittany	colleenbrock	TQPMDAimrv	Pure blood	teacher
Victor	Santana	1988/11/26	male	Sara	nicole90	xBoooNahdY	Muggle blood	student
Michael	Gallegos	1988/03/06	male	Alexander	caseykeith	hSkBTKBjYy	Pure blood	student
Jessica	Cisneros	1971/09/20	female	Christine	michaelmoore	HGAAwEQgQT	Pure blood	student
Angel	Allen	1999/05/01	male	Joy	christopheranderson	EMPjJZgiQF	Half blood	student
Annette	Fisher	1976/01/12	female	Renee	kelseyrodriguez	VIllnilaCP	Half blood	student
Kathryn	Benson	1999/05/08	female	Ashley	yrodriguez	xoeCDgoVuk	Half blood	student
Matthew	Cordova	1990/07/04	female	Danny	hensleykatherine	bVKxpwCXCx	Half blood	student
Michael	Osborn	1996/06/04	female	Tyler	butlercristina	XvmxSwOous	Pure blood	teacher
John	Osborn	2003/01/12	female	Mary	joe54	VLbgFxTpta	Half blood	teacher
Michael	Morrison	1972/05/25	female	Shane	ucastillo	MjxHwyKpIZ	Pure blood	student
Robin	Davenport	1981/07/29	male	Karen	butlerjohn	adSjFPpTAv	Half blood	student
Nathan	Robinson	2003/12/16	female	Ronald	william07	DRNivWkxQN	Pure blood	teacher
Kim	Wilson	1982/04/22	female	Melissa	xpayne	qnxcJoNRaa	Pure blood	student
Derek	Huffman	1974/07/15	female	Frank	nicholskenneth	jqvPLqKrlH	Half blood	teacher
Robert	Smith	1982/03/27	male	Jared	hsanchez	AtRTGGFkqR	Muggle blood	student
Veronica	Morales	1979/04/14	female	Micheal	tinalee	bBYAcqYpFo	Pure blood	student
Tammy	Gilbert	1991/06/23	male	Amy	dandrews	BAeuivvXyR	Pure blood	student
Brenda	Hart	1993/04/27	female	Nicholas	christine10	ipSvyGDiDm	Pure blood	student
Jennifer	Graves	1993/07/12	female	Jesus	daniellopez	RStFteJFCa	Muggle blood	teacher
Melissa	Gray	1998/09/11	male	Carrie	michaelmccann	TVSpDdLnJC	Muggle blood	student
Michael	Martinez	1997/03/23	male	Michael	shane65	anvXCoeJEz	Half blood	student
Kathy	Cook	1994/01/22	male	Richard	ggarrett	XAmsCmyzZI	Half blood	student
Howard	Davis	1987/08/25	male	William	gary16	GmLVXkOdPs	Pure blood	student
Lori	Lowery	1994/11/23	female	Jose	dwaters	iQNQrWoLUS	Muggle blood	student
Laura	Clarke	1991/06/20	female	Denise	grodriguez	uCPxsaSbuS	Pure blood	teacher
Jacob	Arnold	1989/12/20	female	Troy	caroljohnson	emXHjmcdyo	Half blood	student
Matthew	Holland	2002/11/24	male	Andrew	wrightchristina	jfilrFhIyv	Pure blood	teacher
Donald	Johnson	1973/06/06	female	Melissa	robert51	tIogNUhaZY	Half blood	student
Ian	Eaton	1976/04/08	male	Jason	whitestephanie	IVTrKmYtAK	Half blood	student
Chad	Dominguez	1983/10/16	female	Laura	amanda35	lgvjhOToea	Pure blood	student
Amanda	Cole	1975/11/07	female	Gina	garyhays	MMKlUNHRHb	Pure blood	student
Frank	Stewart	2001/05/10	male	Julia	sophia17	QNFMIyxImh	Pure blood	teacher
Darrell	Torres	1982/03/17	male	Laura	douglaslucas	SICCESlDCW	Half blood	student
Megan	Perkins	1973/05/09	male	Tyler	kingclifford	ljinODmmsG	Pure blood	student
Danielle	Roman	1995/03/29	male	Caitlin	cassidy54	nzZYFstfBd	Half blood	student
Joseph	Harris	1988/01/29	female	Ashley	madison60	WeCWzCZtjH	Half blood	student
Melissa	Davis	1984/01/06	male	Marisa	trichardson	JleLBeqSmt	Half blood	student
Johnny	Faulkner	2003/06/08	female	Douglas	arobertson	ayjEoYWOps	Half blood	student
Deanna	Burke	2004/05/06	male	Johnny	smithkirk	cFcjHjMVaF	Pure blood	student
Joseph	Murphy	1996/01/10	female	Scott	jacob72	QTARjZuKXe	Half blood	student
Regina	Espinoza	1997/03/05	female	Patricia	glennsara	AYvKmjGydt	Muggle blood	student
Levi	Rivas	1991/01/06	male	Jerry	sotopaul	CVztgQRtiH	Pure blood	student
Heather	Rodriguez	1982/10/06	female	Laura	amcmahon	YNyxyUeypy	Pure blood	student
Travis	Hayes	1988/05/28	female	Alexis	johnsonlindsey	mNeXHqpARL	Pure blood	teacher
Teresa	Dean	2002/01/14	female	Logan	russellmatthew	phcNamcXUF	Muggle blood	student
Courtney	Ford	1971/01/24	female	Amanda	longdouglas	FLRpRdJqxw	Muggle blood	student
Heather	Glenn	1997/03/14	male	Adam	chadwilliams	XXCKFzHrkm	Muggle blood	student
Katherine	Dalton	2002/06/09	male	Matthew	guzmanaustin	SoLUmkniVk	Pure blood	student
Tyrone	Merritt	1994/12/24	female	Scott	williamjohnson	LdphekAnrp	Pure blood	student
Mark	Reyes	1997/11/02	female	Hannah	gregory70	JHNfyZNehj	Half blood	teacher
Tammy	Silva	1996/12/02	male	Kelly	christopher24	wOslIUFPCZ	Half blood	student
Robert	Anderson	1978/12/14	male	Richard	tara01	zkXqPIyPjD	Half blood	student
Francis	Miller	1972/06/25	male	Rose	amylopez	wIYVEvxiqd	Muggle blood	student
Tracy	Willis	1970/12/20	female	Richard	edward27	XNnKqJfKuF	Muggle blood	student
Sean	Johnson	1996/01/12	male	Diana	vsalinas	FqZoDCULEO	Half blood	teacher
Christopher	Grimes	1992/11/13	male	John	jacob34	elvZsGlHHJ	Muggle blood	student
Amber	Padilla	1984/07/10	male	Michael	brittany67	tPimcGZapm	Half blood	student
Denise	Hodge	1981/03/06	female	Isaac	ccraig	VTapVDNCPr	Pure blood	student
Mark	Harris	1974/06/27	female	Virginia	stonejon	WquJDPxWsJ	Half blood	student
George	Pena	1974/11/23	female	Catherine	robinsoncorey	oijaBaNknY	Pure blood	student
Jonathan	Miller	1999/03/24	female	Mark	sandra89	QYyzSOVIXQ	Half blood	student
Allison	Young	1972/02/02	male	Benjamin	kim11	xDEqBpKSqs	Muggle blood	student
Linda	Hicks	1971/03/22	male	Megan	michaelwright	XtKchTzMUo	Pure blood	student
Carol	Williams	1984/01/12	male	Diana	robertscolleen	ZZTYKcNUxt	Pure blood	student
Rodney	Underwood	1987/05/28	male	Carlos	marilyn53	vYAoIeTBFF	Pure blood	teacher
Aaron	Wallace	1986/02/04	male	Tammy	njackson	pJcKZphVFf	Pure blood	student
Jared	Brown	1979/09/19	female	Ashley	ericrogers	NCcKLJEpme	Muggle blood	student
Taylor	Miller	1973/04/22	male	Robert	wanderson	AFzsMsyeBg	Muggle blood	student
Ashley	Smith	1976/03/01	female	Robert	rnunez	wwMoiGnetw	Half blood	teacher
Stephanie	Johns	1972/08/01	male	Lauren	jennifer65	QGweMkbhDR	Half blood	student
Carl	Anthony	1978/08/25	male	Larry	ronaldbarber	wPdZTRuBMt	Half blood	teacher
Roberta	Mccoy	1977/07/08	female	Peter	tjones	wlstAwlaMc	Half blood	student
Sydney	Obrien	1977/07/14	female	Beth	bbrown	LhCoEIkEzT	Pure blood	student
Robin	Mora	1975/12/05	male	Curtis	hunter74	xjdJMzcPTu	Half blood	teacher
Kenneth	Edwards	1996/07/08	male	Nathan	angela88	DQEWcikBoh	Muggle blood	student
Devin	Wang	1988/12/29	male	Jamie	roberttorres	sxoljKkzkf	Muggle blood	student
Courtney	Barber	1987/12/25	male	Sara	christine63	yFzVJFlbyI	Pure blood	teacher
Anthony	Nelson	1996/12/02	male	Brendan	sherry45	kFPHQkXScE	Pure blood	student
Shannon	Daniels	1998/06/07	female	Nathan	holmesdawn	DisEPgdWcT	Pure blood	student
Denise	Chavez	1986/04/28	female	Mark	juan37	lznverJQYs	Half blood	student
Patrick	Kelley	1984/06/28	female	Cynthia	lawrenceapril	qrGhhCYQCd	Pure blood	student
Curtis	Meyer	1985/06/07	male	Robert	manuelprice	IuxkXAcXWf	Muggle blood	student
Gregory	Wilson	1998/11/01	female	Trevor	xnguyen	XEmpcJcUFO	Muggle blood	student
Aaron	Cardenas	1998/01/01	male	Sarah	joshuajohnson	bVvJzlBIhE	Pure blood	student
Miranda	Russo	1981/06/09	female	Stephanie	hsmith	TuWdLZfRYl	Half blood	student
Vicki	Guerrero	1993/02/17	female	Stephen	edward59	zDWVmczenB	Half blood	student
Brianna	Garcia	1998/02/25	female	Christine	whitneykhan	nmkhgEkhlJ	Pure blood	teacher
Alejandro	Avery	1996/06/29	female	Christina	phall	lEAdoKTnkC	Muggle blood	student
Christopher	Baker	1985/07/17	female	Jessica	lisachang	lqUHxQUbJe	Half blood	student
Anita	Anderson	1990/01/10	male	Ernest	catherineking	XflpPzuHqt	Half blood	student
Marcus	Johnson	1980/12/16	female	Stephen	davidmullen	aSSUoZjxcf	Pure blood	student
Brooke	Gardner	1997/08/23	male	Randy	williamrodriguez	CRrKkHLEmJ	Pure blood	student
Tracy	Morris	1996/06/20	male	Jillian	vasqueztina	cWYTpaQFrp	Pure blood	student
Marc	Martinez	1994/03/25	female	Kevin	hesterbeverly	PnRItmbilP	Half blood	teacher
Sheena	Melendez	1979/04/27	male	Anna	glendabrown	TBUEdRjqzb	Muggle blood	student
Travis	Mendez	1975/09/13	female	Raymond	dgarcia	wzzYhQIBtR	Pure blood	student
Juan	Villarreal	2004/10/01	female	Victoria	jeffrey60	zrkUrTZYKw	Half blood	student
Steven	Wagner	1988/12/19	male	Eric	taylor92	QXcQYnBynd	Muggle blood	student
Candice	Adams	1994/12/29	female	Allison	hlucas	KnsjSpmYJt	Pure blood	student
Christopher	Lawrence	1986/02/18	female	Matthew	iprice	qzegPBaaxe	Half blood	student
Amanda	Wright	1981/03/16	male	Katherine	kimberly79	IrgGXgeylc	Pure blood	teacher
Mary	Mcgee	1976/09/10	female	Courtney	jordanbrown	dcoVTxTEVM	Half blood	student
Wyatt	Dominguez	1993/07/22	male	Danielle	gutierrezmichele	zzxdYupJxm	Half blood	teacher
Michael	Bridges	1998/03/29	female	Kathleen	michaelstone	yaePaVKOzj	Pure blood	student
Michael	Owen	2000/01/20	male	Patrick	bradleymandy	XveGMELfqc	Muggle blood	student
Brian	Ford	1973/08/27	male	Carol	fordkaitlyn	zAeCsEMsSr	Half blood	teacher
Alyssa	Chandler	2004/06/25	female	Kristy	linda83	CqHPxqAQpK	Pure blood	student
Christine	Bowman	1990/11/21	male	Craig	kayleesimmons	nopiWzwFMB	Half blood	student
Patricia	Mitchell	1977/12/03	male	Justin	danielaguilar	YUyZulRLAX	Pure blood	student
Nicholas	Jackson	1983/11/28	female	Michelle	karen69	XTAbRRpFsb	Muggle blood	student
Alexa	Gardner	1970/08/18	female	Danielle	floresrobert	OqYvOeBdrz	Half blood	student
Lisa	Sanford	1982/11/19	female	Joy	michaelarmstrong	YpulWGADYV	Pure blood	teacher
Joshua	Butler	1993/06/04	male	Ricardo	ksmith	aecrXeUDdQ	Pure blood	student
Jennifer	Smith	1976/05/17	male	Jesus	joegutierrez	ITHDEvcfmh	Pure blood	student
Kirk	Murphy	1991/03/21	female	Lisa	stephen99	jIBsnAPuBQ	Pure blood	student
Ian	Mcbride	1990/10/05	male	Deborah	nicolekelly	zdYogtNVxX	Pure blood	student
Ann	Anderson	2003/12/26	male	Shawn	benjamin24	gSxnivFHhU	Half blood	student
Nicholas	Smith	1991/10/12	female	Autumn	simsbeth	jKVsvZrcYJ	Muggle blood	teacher
Joy	Gibson	1982/12/13	female	Eric	jonestimothy	vNItccTDXL	Half blood	student
Kimberly	Miller	1992/11/10	female	Kimberly	patrick61	rFyZQZPIZj	Muggle blood	student
Jeremy	Gallagher	1977/03/30	male	Nicholas	qwest	hDKVJrVbro	Muggle blood	teacher
Rachel	Wilson	1970/02/14	female	Ronald	nicholasboyd	anHQyPlWAK	Half blood	student
Danielle	Rice	1975/06/23	male	Robin	melindasmith	KxcthRWgWL	Half blood	teacher
James	Hernandez	1976/02/23	male	Antonio	zgriffith	mJoXAquPnl	Half blood	student
Kim	Simmons	1996/08/18	female	Andrew	gomezronald	WIAWBJPjqz	Pure blood	teacher
Andrea	Lopez	1975/08/29	female	Juan	michaelwallace	PCzJSMRQtu	Pure blood	student
Holly	David	2001/07/18	male	James	merrittzachary	vnOXfIxeJB	Half blood	student
James	Hansen	1999/07/21	female	Ashley	michaelnguyen	lXgTiFeRye	Half blood	student
Christine	Bond	1996/05/07	male	Daniel	wfarley	KApbIOBjHp	Pure blood	student
Brett	Lee	1980/11/08	female	Morgan	ecox	mwSoLbSRQn	Pure blood	teacher
Anthony	Patterson	2002/04/07	male	Barbara	williamsbryan	nLTGaYMDyE	Half blood	teacher
Thomas	Sawyer	1986/11/13	female	Shirley	harrisjeremy	axqyHynkrN	Muggle blood	student
Julie	Walker	1993/06/01	female	Elizabeth	andrewdiaz	kWpfOeZfMn	Half blood	teacher
Nicholas	Weaver	1975/02/07	male	Makayla	cmichael	bwfSpGniLF	Pure blood	teacher
Brandon	Fuller	1976/07/28	female	Kimberly	qgarza	DuJmhTABkJ	Pure blood	student
Andrew	Mitchell	1979/03/14	male	Thomas	icruz	ubFlqDgjoj	Half blood	student
Justin	Hardy	1983/04/23	female	Darlene	michele25	SziNyPSJnG	Muggle blood	student
Jesse	Smith	1998/05/29	female	Timothy	thomasholmes	efntDgrGzV	Half blood	student
Bridget	Williams	1987/01/09	male	Matthew	martinezadam	FVjkiDQsLV	Half blood	student
Mark	Lee	1986/04/25	male	Jonathan	christinanolan	FfWKlQxiLE	Pure blood	student
Lindsay	Cowan	1997/11/12	female	Mark	jbraun	AvboCYDIdt	Pure blood	student
Scott	Dixon	1970/05/17	male	Justin	marie13	lwtDkwukdT	Pure blood	student
John	Sharp	1999/01/09	male	Christine	amitchell	WwedXbmaHf	Half blood	teacher
Wendy	Williams	2005/11/16	female	Katelyn	huangjeffrey	ZePwFQlqSg	Pure blood	teacher
Tracy	Allen	1979/10/12	male	Chris	sbridges	ngpSuAAmtD	Pure blood	student
Mary	Clark	2003/01/27	female	Mary	daniellegraham	rOjRgNdIrk	Half blood	student
Meredith	Taylor	1997/05/21	male	Pamela	evansronald	iLzxAZqOPD	Muggle blood	student
Elizabeth	Fields	2004/11/28	female	Mary	millerkaren	qhtJpjEZJK	Half blood	student
Sarah	Stone	1982/12/18	male	Amy	ngordon	FnxvFemPmd	Pure blood	student
Thomas	Robertson	1976/12/13	female	Michael	stephengalloway	sgdfQdqyiF	Half blood	student
Matthew	Miller	1976/11/27	female	Tyler	jenniferaguilar	illoXsifrB	Pure blood	student
Lauren	Williams	2005/08/08	male	John	qbridges	ifXHdtInpz	Half blood	student
Ashley	Delgado	1973/01/14	female	Juan	tanya62	dLLLfpICYZ	Pure blood	student
Jose	Allen	1995/10/05	female	Crystal	julieglover	aimSPTTYPF	Half blood	student
Kaitlin	Stuart	1973/10/07	female	Jennifer	george69	QuCRsWSzXr	Half blood	student
Ruth	Goodwin	1977/04/16	male	William	lbutler	VPYJLYpNdm	Muggle blood	student
Dalton	Huynh	1999/07/14	male	Daniel	basschristian	MuyADCEhZU	Half blood	student
John	Lewis	2000/06/05	male	Michael	robert08	AzzpOhXTBO	Pure blood	teacher
Felicia	Caldwell	1997/10/11	male	Amy	james90	yycjOeASbt	Half blood	teacher
Mary	Joseph	1974/11/08	female	John	jack74	lINWsYLkoV	Half blood	student
Theresa	Meyers	1979/05/04	male	Heather	dodsonjames	fOpKSPuJzL	Half blood	student
Tyler	Lane	1984/12/03	male	Cathy	jean20	sJvdyFjZwb	Pure blood	teacher
Kathleen	Stevenson	1993/04/24	male	Victor	hollymitchell	RuzufoTAIN	Muggle blood	student
Melanie	Garcia	1992/03/29	female	Jeremy	turnerdaniel	aLWYzOiAjl	Half blood	teacher
Alicia	Duran	1977/11/03	male	Brandi	tiffany17	WidvbhcCSk	Half blood	teacher
Taylor	Wong	1987/04/21	female	Ashley	mackenzieserrano	NqhQxPIugG	Muggle blood	student
Marc	Duffy	1993/08/30	female	Malik	annakennedy	flgUplHcbR	Pure blood	student
Philip	Campbell	1984/08/28	male	Joyce	ymartin	uGbgnCvBEB	Pure blood	student
Karen	Davis	2004/01/06	female	Roger	danielsanchez	ffbLJFmPYp	Half blood	teacher
Ann	Jones	1972/08/24	female	Jessica	ljuarez	DsUvCBGtCu	Half blood	teacher
Karen	George	1997/02/24	male	Katherine	patricklee	FLbxnRPgeA	Half blood	student
James	Stephenson	1987/07/27	male	Crystal	kellypeter	gpvGJnFHDj	Pure blood	student
Charles	Mendoza	1974/07/01	male	Douglas	larsencarla	FfHxlECwUc	Half blood	student
Juan	Gibson	2001/11/24	male	Samuel	alexis64	hlvTMGkTHh	Half blood	student
Amy	Blackwell	2001/06/06	female	Joseph	sarasanchez	rHKglaWVIZ	Pure blood	student
Stephen	Jordan	2004/11/21	male	Patricia	daniel09	SoCIObyOTO	Pure blood	student
Patrick	Mendoza	1970/07/02	female	Brandy	hogankeith	AOaEwbZUwB	Half blood	teacher
Sharon	Gross	1973/09/01	male	Lori	qbradford	IFmkktKPmY	Pure blood	teacher
Sergio	Warren	1973/06/18	female	Karen	ponceallison	xVcYTggebV	Pure blood	student
James	Jones	1974/08/06	male	Tina	ivantucker	GzbRFKmdtp	Muggle blood	teacher
Paul	Gay	1972/11/02	female	Amy	joshua68	cyFwiNCrne	Half blood	student
Thomas	Cox	2004/09/24	female	Molly	josephking	AgUMcKgQhe	Half blood	student
Natalie	Roth	1978/07/21	male	Christopher	mjordan	hXaxBaVJVh	Muggle blood	teacher
Joshua	Durham	1983/12/12	male	Alexander	coxjodi	cySJUQmKyA	Pure blood	teacher
Joshua	Conley	2002/08/27	female	Chelsea	kevinlawrence	jJSHHwWrfu	Half blood	student
Richard	Gray	1982/11/05	male	Edward	marilyn26	QMPNKgrPzb	Pure blood	teacher
Jeffrey	Mcfarland	1974/12/29	male	Elizabeth	richardsonerin	QiWPbWqPCv	Half blood	teacher
Kaitlyn	Anderson	1986/09/24	male	Lisa	elizabethbraun	twEAaeEiBk	Pure blood	student
Rachel	Hoover	1993/07/15	female	Scott	crystalreilly	YctOVeAzqU	Muggle blood	teacher
Angela	Williamson	1972/03/26	female	Jennifer	bryanbarry	xYoxHXargA	Pure blood	teacher
Eric	Kaufman	1984/10/15	female	Erin	lmorgan	qrAfIxrzTB	Muggle blood	teacher
Lucas	Johnson	2005/05/08	female	Kyle	scook	XbCSuxxUyB	Half blood	student
Gregory	Gibson	1995/08/21	male	Alex	iyoung	gPixNWzKzp	Muggle blood	student
Nicole	Wilson	1971/02/13	male	Kristen	vanessasingh	vQJDfeMRlA	Pure blood	student
Mark	Logan	1995/01/06	male	Matthew	jeremyjones	IWVtItYlgi	Muggle blood	teacher
Gregory	Young	1975/10/26	male	Claudia	bradleyrobinson	HrEjQUWvXS	Pure blood	student
Jennifer	Palmer	1992/08/16	male	Gina	lindsay03	rSLLUxQqAt	Half blood	student
